{"cameraMode":{"drawMode":0,"name":"Shaded","section":"Shading Mode"},"sceneLighting":true,"audioPlay":false,"sceneViewState":{"showFog":true,"showMaterialUpdate":false,"showSkybox":true,"showFlares":true,"showImageEffects":true,"showParticleSystems":true},"in2DMode":false,"pivot":{"x":43.86155319213867,"y":-0.6029725074768066,"z":48.78756332397461},"rotation":{"x":-0.08064193278551102,"y":0.33554118871688845,"z":-0.029040971770882608,"w":-0.9382374882698059},"size":11.237846374511719,"orthographic":false}